state,operating_count,operating_mw,planned_count,planned_mw,pipeline_multiple,operating_avg_mw,planned_avg_mw
Alabama,13,764,15,2704,3.54,58.8,180.3
Alaska,0,0,1,1000,,,1000.0
Arizona,71,3649,93,14030,3.84,51.4,150.9
Arkansas,1,5,10,718,143.6,5.0,71.8
California,52,997,31,1969,1.97,19.2,63.5
Colorado,13,173,23,1939,11.21,13.3,84.3
Connecticut,2,7,2,300,42.86,3.5,150.0
Florida,12,35,8,4373,124.94,2.9,546.6
Georgia,43,2968,149,18649,6.28,69.0,125.2
Idaho,2,198,4,140,0.71,99.0,35.0
Illinois,39,1567,73,9701,6.19,40.2,132.9
Indiana,23,1352,135,16935,12.53,58.8,125.4
Iowa,51,2435,41,5159,2.12,47.7,125.8
Kansas,3,28,20,2458,87.79,9.3,122.9
Kentucky,2,157,18,5607,35.71,78.5,311.5
Louisiana,1,1,41,8430,8430.0,1.0,205.6
Maine,0,0,3,88,,,29.3
Maryland,6,234,17,2153,9.2,39.0,126.6
Massachusetts,7,58,2,0,0.0,8.3,0.0
Michigan,2,4,16,2940,735.0,2.0,183.8
Minnesota,15,364,16,1545,4.24,24.3,96.6
Mississippi,10,1354,32,1747,1.29,135.4,54.6
Missouri,9,228,65,6890,30.22,25.3,106.0
Montana,0,0,3,1150,,,383.3
Nebraska,19,1346,11,1222,0.91,70.8,111.1
Nevada,34,1344,42,7239,5.39,39.5,172.4
New Jersey,15,414,7,442,1.07,27.6,63.1
New Mexico,10,489,11,12946,26.47,48.9,1176.9
New York,13,268,28,9740,36.34,20.6,347.9
North Carolina,15,502,59,3629,7.23,33.5,61.5
North Dakota,4,526,7,1100,2.09,131.5,157.1
Ohio,80,4139,189,25272,6.11,51.7,133.7
Oklahoma,12,460,37,6216,13.51,38.3,168.0
Oregon,98,5375,40,2815,0.52,54.8,70.4
Pennsylvania,15,311,172,21134,67.95,20.7,122.9
South Carolina,13,581,22,1303,2.24,44.7,59.2
South Dakota,2,3,2,502,167.33,1.5,251.0
Tennessee,17,1995,6,1187,0.59,117.4,197.8
Texas,162,8183,458,89664,10.96,50.5,195.8
Utah,40,1184,92,26098,22.04,29.6,283.7
Virginia,351,17265,392,34535,2.0,49.2,88.1
Washington,41,1069,11,1434,1.34,26.1,130.4
West Virginia,0,0,19,13050,,,686.8
Wisconsin,4,362,26,4253,11.75,90.5,163.6
Wyoming,14,643,17,5351,8.32,45.9,314.8
